{
    "alpha": 3.0141969460670612,
    "l1_ratio": 2.4160098695385006
}