{
    "rmse": 3.035644863374993,
    "mae": 2.4400766723279697,
    "r2": 0.8305672689614447
}