{
    "rmse": 3.0141969460670612,
    "mae": 2.4160098695385006,
    "r2": 0.8329530167585507
}